system,unit_id,true_age,pred_age,error,abs_error
ResNet50,w101_M_1_form39.tif,13.0,16.380400666666667,3.3804006666666666,3.3804006666666666
ResNet50,w103_M_1_form41.tif,13.0,16.83929652777778,3.8392965277777797,3.8392965277777797
ResNet50,w105_M_1_form43.tif,13.0,16.620407916666668,3.620407916666668,3.620407916666668
ResNet50,w107_M_1_form45.tif,15.0,16.814386555555554,1.8143865555555543,1.8143865555555543
ResNet50,w110_F_1_form2.tif,12.0,16.757569222222223,4.757569222222223,4.757569222222223
ResNet50,w112_F_1_form4.tif,13.0,16.863066,3.863066,3.863066
ResNet50,w114_M_1_form6.tif,13.0,16.62297704166667,3.622977041666669,3.622977041666669
ResNet50,w116_M_1_form8.tif,13.0,16.41134811111111,3.41134811111111,3.41134811111111
ResNet50,w118_M_1_form10.tif,13.0,17.178766944444444,4.178766944444444,4.178766944444444
ResNet50,w120_F_1_form48.tif,13.0,16.497031333333336,3.497031333333336,3.497031333333336
ResNet50,w122_M_1_form1.tif,15.0,16.953102444444443,1.9531024444444434,1.9531024444444434
ResNet50,w124_F_1_form30.tif,14.0,16.323704222222222,2.323704222222222,2.323704222222222
ResNet50,w126_M_1_form22.tif,15.0,16.722100555555556,1.7221005555555564,1.7221005555555564
ResNet50,w128_M_1_form1.tif,15.0,16.813032888888888,1.8130328888888876,1.8130328888888876
ResNet50,w130_M_1_form3.tif,15.0,16.820920555555556,1.8209205555555563,1.8209205555555563
ResNet50,w132_M_1_form9.tif,15.0,17.005903,2.005903,2.005903
ResNet50,w134_M_1_form50.tif,14.0,17.482879555555556,3.482879555555556,3.482879555555556
ResNet50,w136_M_1_form37.tif,14.0,16.71239777777778,2.712397777777781,2.712397777777781
ResNet50,w138_F_1_form26.tif,15.0,16.719104333333334,1.719104333333334,1.719104333333334
ResNet50,w140_F_1_form43.tif,14.0,16.772377555555558,2.7723775555555576,2.7723775555555576
ResNet50,w142_M_1_form47.tif,14.0,17.143616047619048,3.143616047619048,3.143616047619048
ResNet50,w144_F_1_form29.tif,14.0,16.68678288888889,2.6867828888888887,2.6867828888888887
ResNet50,w146_F_1_form46.tif,14.0,16.832811888888887,2.8328118888888874,2.8328118888888874
ResNet50,w148_F_1_form35.tif,14.0,16.671373833333334,2.671373833333334,2.671373833333334
ResNet50,w14_F_2_form19.tif,20.0,16.418500666666667,-3.5814993333333334,3.5814993333333334
ResNet50,w150_F_1_form33.tif,14.0,16.814087777777775,2.8140877777777753,2.8140877777777753
ResNet50,w153_M_1_form39.tif,14.0,17.063984444444444,3.0639844444444435,3.0639844444444435
ResNet50,w156_M_1_form3.tif,14.0,16.797610888888887,2.7976108888888866,2.7976108888888866
ResNet50,w158_M_1_form15.tif,15.0,16.454484111111114,1.454484111111114,1.454484111111114
ResNet50,w160_NA_1_form25.tif,14.0,16.779882444444446,2.7798824444444463,2.7798824444444463
ResNet50,w162_F_1_form19.tif,14.0,16.725738777777778,2.725738777777778,2.725738777777778
ResNet50,w164_M_1_form42.tif,15.0,17.169565333333335,2.1695653333333347,2.1695653333333347
ResNet50,w166_F_1_form47.tif,14.0,16.904193555555555,2.9041935555555547,2.9041935555555547
ResNet50,w169_M_1_form2.tif,15.0,16.5916985,1.5916984999999997,1.5916984999999997
ResNet50,w16_M_3_form21.tif,27.0,16.514826366666668,-10.485173633333332,10.485173633333332
ResNet50,w172_M_1_form5.tif,15.0,17.09340155555556,2.093401555555559,2.093401555555559
ResNet50,w174_M_1_form7.tif,15.0,16.806866777777778,1.8068667777777776,1.8068667777777776
ResNet50,w176_M_1_form9.tif,15.0,17.05187777777778,2.0518777777777792,2.0518777777777792
ResNet50,w178_M_1_form11.tif,15.0,16.521433777777776,1.5214337777777764,1.5214337777777764
ResNet50,w17_F_2_form22.tif,24.0,16.517782363636364,-7.482217636363636,7.482217636363636
ResNet50,w180_M_1_form13.tif,15.0,17.07409011111111,2.0740901111111114,2.0740901111111114
ResNet50,w182_M_1_form15.tif,15.0,16.680351222222225,1.6803512222222245,1.6803512222222245
ResNet50,w184_M_1_form17.tif,15.0,16.676354,1.676354,1.676354
ResNet50,w186_F_1_form19.tif,15.0,16.414970999999998,1.4149709999999978,1.4149709999999978
ResNet50,w188_F_1_form21.tif,14.0,16.654327000000002,2.654327000000002,2.654327000000002
ResNet50,w190_F_1_form23.tif,14.0,16.579048333333333,2.5790483333333327,2.5790483333333327
ResNet50,w192_M_1_form25.tif,14.0,16.66930177777778,2.669301777777779,2.669301777777779
ResNet50,w194_F_1_form27.tif,14.0,16.32780788888889,2.3278078888888913,2.3278078888888913
ResNet50,w196_M_1_form29.tif,15.0,16.382813333333335,1.3828133333333348,1.3828133333333348
ResNet50,w19_M_2_form25.tif,20.0,16.466401388888887,-3.5335986111111133,3.5335986111111133
ResNet50,w277_M_2_form32.tif,16.0,16.420986444444445,0.4209864444444449,0.4209864444444449
ResNet50,w279_M_2_form25.tif,16.0,16.76226422222222,0.7622642222222211,0.7622642222222211
ResNet50,w286_F_2_form38.tif,16.0,16.54007822222222,0.5400782222222205,0.5400782222222205
ResNet50,w297_M_2_form13.tif,16.0,16.783258000000004,0.7832580000000036,0.7832580000000036
ResNet50,w299_M_2_form18.tif,17.0,17.310133666666665,0.3101336666666654,0.3101336666666654
ResNet50,w327_NA_2_form36.tif,17.0,16.509653333333333,-0.4903466666666674,0.4903466666666674
ResNet50,w329_F_2_form32.tif,16.0,16.483099222222222,0.4830992222222221,0.4830992222222221
ResNet50,w331_M_2_form8.tif,17.0,16.468574,-0.5314259999999997,0.5314259999999997
ResNet50,w333_M_2_form38.tif,17.0,16.388124444444443,-0.6118755555555566,0.6118755555555566
ResNet50,w335_M_2_form12.tif,17.0,16.559165999999998,-0.4408340000000024,0.4408340000000024
ResNet50,w337_F_2_form15.tif,16.0,16.379628555555556,0.37962855555555564,0.37962855555555564
ResNet50,w339_F_2_form6.tif,17.0,16.741900666666666,-0.2580993333333339,0.2580993333333339
ResNet50,w341_F_2_form19.tif,17.0,16.527732555555556,-0.47226744444444435,0.47226744444444435
ResNet50,w343_F_2_form11.tif,16.0,16.45158577777778,0.45158577777777964,0.45158577777777964
ResNet50,w346_M_2_form1.tif,16.0,16.633030666666667,0.6330306666666665,0.6330306666666665
ResNet50,w348_M_2_form18.tif,16.0,16.469533555555554,0.46953355555555376,0.46953355555555376
ResNet50,w352_M_2_form31.tif,16.0,17.32793038095238,1.327930380952381,1.327930380952381
ResNet50,w354_M_2_form26.tif,16.0,16.505280111111112,0.5052801111111123,0.5052801111111123
ResNet50,w358_M_2_form16.tif,16.0,16.741827222222224,0.7418272222222235,0.7418272222222235
ResNet50,w362_F_2_form29.tif,16.0,16.26673911111111,0.2667391111111108,0.2667391111111108
ResNet50,w367_M_2_form40.tif,16.0,16.631322222222224,0.6313222222222237,0.6313222222222237
ResNet50,w409_M_2_form37.tif,16.0,16.637094444444443,0.6370944444444433,0.6370944444444433
ResNet50,w411_M_2_form35.tif,17.0,16.994922,-0.005078000000001026,0.005078000000001026
ResNet50,w413_M_2_form33.tif,16.0,16.573748333333334,0.5737483333333344,0.5737483333333344
ResNet50,w415_M_2_form3.tif,16.0,16.522718333333334,0.5227183333333336,0.5227183333333336
ResNet50,w417_F_2_form25.tif,16.0,16.409587888888886,0.4095878888888862,0.4095878888888862
ResNet50,w419_F_2_form5.tif,16.0,16.566522000000003,0.5665220000000026,0.5665220000000026
ResNet50,w421_F_2_form39.tif,16.0,16.23520688888889,0.2352068888888894,0.2352068888888894
ResNet50,w423_F_2_form26.tif,16.0,16.591043666666664,0.5910436666666641,0.5910436666666641
ResNet50,w425_M_2_form25.tif,16.0,16.413991555555555,0.41399155555555467,0.41399155555555467
ResNet50,w427_F_2_form32.tif,16.0,16.393808111111113,0.39380811111111313,0.39380811111111313
ResNet50,w429_M_2_form41.tif,17.0,16.58953788888889,-0.41046211111110864,0.41046211111110864
ResNet50,w431_M_2_form29.tif,17.0,16.719346666666667,-0.2806533333333334,0.2806533333333334
ResNet50,w433_M_2_form48.tif,16.0,16.62509677777778,0.6250967777777809,0.6250967777777809
ResNet50,w435_F_2_form44.tif,17.0,16.747661333333333,-0.2523386666666667,0.2523386666666667
ResNet50,w437_M_2_form28.tif,16.0,16.689421777777778,0.6894217777777776,0.6894217777777776
ResNet50,w439_F_2_form47.tif,17.0,16.267753222222225,-0.7322467777777746,0.7322467777777746
ResNet50,w43_F_1_form4.tif,14.0,16.576772472222224,2.576772472222224,2.576772472222224
ResNet50,w441_F_2_form45.tif,17.0,16.668450888888888,-0.3315491111111122,0.3315491111111122
ResNet50,w443_M_2_form2.tif,16.0,16.329522222222224,0.3295222222222236,0.3295222222222236
ResNet50,w446_M_2_form38.tif,16.0,16.4620415,0.46204150000000155,0.46204150000000155
ResNet50,w448_M_2_form25.tif,16.0,16.664550666666667,0.664550666666667,0.664550666666667
ResNet50,w45_F_1_form44.tif,13.0,16.54785077777778,3.5478507777777786,3.5478507777777786
ResNet50,w48_F_2_form46.tif,18.0,17.176314733333335,-0.823685266666665,0.823685266666665
ResNet50,w51_F_2_form2.tif,18.0,16.295970027777777,-1.704029972222223,1.704029972222223
ResNet50,w543_F_3_form1.tif,46.0,16.945514733333333,-29.054485266666667,29.054485266666667
ResNet50,w54_F_2_form6.tif,18.0,16.47598713888889,-1.5240128611111103,1.5240128611111103
ResNet50,w556_F_4_form7.tif,51.0,16.453685066666665,-34.546314933333335,34.546314933333335
ResNet50,w566_F_3_form31.tif,46.0,16.280265433333334,-29.719734566666666,29.719734566666666
ResNet50,w56_F_2_form8.tif,18.0,16.714670125,-1.2853298749999986,1.2853298749999986
ResNet50,w69_F_3_form23.tif,26.0,16.42753983333333,-9.57246016666667,9.57246016666667
ResNet50,w71_F_1_form20.tif,15.0,17.11766204761905,2.1176620476190493,2.1176620476190493
ResNet50,w73_F_3_form19.tif,47.0,16.361904291666665,-30.638095708333335,30.638095708333335
ResNet50,w75_F_1_form12.tif,12.0,16.417027333333333,4.417027333333333,4.417027333333333
ResNet50,w77_F_1_form14.tif,13.0,16.692907916666666,3.692907916666666,3.692907916666666
ResNet50,w79_M_1_form16.tif,12.0,16.08494101388889,4.084941013888891,4.084941013888891
ResNet50,w81_M_1_form18.tif,13.0,16.9665284,3.9665284000000014,3.9665284000000014
ResNet50,w83_M_1_form20.tif,13.0,17.12753,4.12753,4.12753
ResNet50,w85_M_1_form22.tif,13.0,16.42948077777778,3.42948077777778,3.42948077777778
ResNet50,w87_M_1_form24.tif,12.0,16.991707583333334,4.9917075833333335,4.9917075833333335
ResNet50,w89_M_1_form26.tif,12.0,16.63015237037037,4.6301523703703715,4.6301523703703715
ResNet50,w91_M_1_form28.tif,13.0,16.68712696969697,3.687126969696969,3.687126969696969
ResNet50,w93_M_1_form30.tif,13.0,16.602292166666665,3.6022921666666647,3.6022921666666647
ResNet50,w95_M_1_form32.tif,13.0,17.215947809523808,4.215947809523808,4.215947809523808
ResNet50,w97_M_1_form34.tif,14.0,16.982037916666666,2.982037916666666,2.982037916666666
ResNet50,w99_M_1_form36.tif,13.0,16.510722939393936,3.5107229393939363,3.5107229393939363
DenseNet121,w101_M_1_form39.tif,13.0,12.921302277777777,-0.07869772222222338,0.07869772222222338
DenseNet121,w103_M_1_form41.tif,13.0,14.70047288888889,1.7004728888888891,1.7004728888888891
DenseNet121,w105_M_1_form43.tif,13.0,12.585301916666666,-0.41469808333333447,0.41469808333333447
DenseNet121,w107_M_1_form45.tif,15.0,13.088559722222222,-1.9114402777777784,1.9114402777777784
DenseNet121,w110_F_1_form2.tif,12.0,19.890082444444445,7.890082444444445,7.890082444444445
DenseNet121,w112_F_1_form4.tif,13.0,12.780183333333332,-0.21981666666666833,0.21981666666666833
DenseNet121,w114_M_1_form6.tif,13.0,20.398926291666665,7.398926291666665,7.398926291666665
DenseNet121,w116_M_1_form8.tif,13.0,12.2642,-0.7357999999999993,0.7357999999999993
DenseNet121,w118_M_1_form10.tif,13.0,17.482428555555558,4.482428555555558,4.482428555555558
DenseNet121,w120_F_1_form48.tif,13.0,12.625922555555556,-0.3740774444444437,0.3740774444444437
DenseNet121,w122_M_1_form1.tif,15.0,14.282786388888889,-0.7172136111111111,0.7172136111111111
DenseNet121,w124_F_1_form30.tif,14.0,11.72759688888889,-2.2724031111111103,2.2724031111111103
DenseNet121,w126_M_1_form22.tif,15.0,13.494112888888887,-1.5058871111111127,1.5058871111111127
DenseNet121,w128_M_1_form1.tif,15.0,14.197579888888887,-0.8024201111111129,0.8024201111111129
DenseNet121,w130_M_1_form3.tif,15.0,13.094621555555555,-1.9053784444444446,1.9053784444444446
DenseNet121,w132_M_1_form9.tif,15.0,12.470866666666668,-2.5291333333333323,2.5291333333333323
DenseNet121,w134_M_1_form50.tif,14.0,12.883994444444443,-1.1160055555555566,1.1160055555555566
DenseNet121,w136_M_1_form37.tif,14.0,13.167826333333332,-0.8321736666666677,0.8321736666666677
DenseNet121,w138_F_1_form26.tif,15.0,14.017366388888888,-0.9826336111111118,0.9826336111111118
DenseNet121,w140_F_1_form43.tif,14.0,12.530428333333331,-1.4695716666666687,1.4695716666666687
DenseNet121,w142_M_1_form47.tif,14.0,17.777699857142856,3.7776998571428564,3.7776998571428564
DenseNet121,w144_F_1_form29.tif,14.0,12.370970888888888,-1.6290291111111124,1.6290291111111124
DenseNet121,w146_F_1_form46.tif,14.0,12.647918555555556,-1.352081444444444,1.352081444444444
DenseNet121,w148_F_1_form35.tif,14.0,12.472212111111112,-1.5277878888888878,1.5277878888888878
DenseNet121,w14_F_2_form19.tif,20.0,22.134099083333336,2.1340990833333358,2.1340990833333358
DenseNet121,w150_F_1_form33.tif,14.0,12.939348222222222,-1.0606517777777782,1.0606517777777782
DenseNet121,w153_M_1_form39.tif,14.0,13.107685888888888,-0.8923141111111121,0.8923141111111121
DenseNet121,w156_M_1_form3.tif,14.0,12.53044061111111,-1.4695593888888894,1.4695593888888894
DenseNet121,w158_M_1_form15.tif,15.0,14.412743,-0.5872569999999993,0.5872569999999993
DenseNet121,w160_NA_1_form25.tif,14.0,12.523440333333332,-1.4765596666666685,1.4765596666666685
DenseNet121,w162_F_1_form19.tif,14.0,12.341425555555556,-1.6585744444444437,1.6585744444444437
DenseNet121,w164_M_1_form42.tif,15.0,13.241574388888887,-1.7584256111111127,1.7584256111111127
DenseNet121,w166_F_1_form47.tif,14.0,13.63531688888889,-0.36468311111111085,0.36468311111111085
DenseNet121,w169_M_1_form2.tif,15.0,14.209786777777778,-0.7902132222222225,0.7902132222222225
DenseNet121,w16_M_3_form21.tif,27.0,19.943228633333334,-7.056771366666666,7.056771366666666
DenseNet121,w172_M_1_form5.tif,15.0,12.646852611111113,-2.353147388888887,2.353147388888887
DenseNet121,w174_M_1_form7.tif,15.0,14.777209444444445,-0.22279055555555516,0.22279055555555516
DenseNet121,w176_M_1_form9.tif,15.0,13.38151077777778,-1.6184892222222196,1.6184892222222196
DenseNet121,w178_M_1_form11.tif,15.0,12.390988277777778,-2.609011722222222,2.609011722222222
DenseNet121,w17_F_2_form22.tif,24.0,22.41175557575757,-1.5882444242424292,1.5882444242424292
DenseNet121,w180_M_1_form13.tif,15.0,15.03544311111111,0.035443111111110426,0.035443111111110426
DenseNet121,w182_M_1_form15.tif,15.0,12.87976822222222,-2.1202317777777804,2.1202317777777804
DenseNet121,w184_M_1_form17.tif,15.0,13.0225525,-1.9774475000000002,1.9774475000000002
DenseNet121,w186_F_1_form19.tif,15.0,13.154187722222224,-1.8458122777777763,1.8458122777777763
DenseNet121,w188_F_1_form21.tif,14.0,13.230723,-0.7692770000000007,0.7692770000000007
DenseNet121,w190_F_1_form23.tif,14.0,12.327891666666666,-1.672108333333334,1.672108333333334
DenseNet121,w192_M_1_form25.tif,14.0,12.648687222222224,-1.3513127777777765,1.3513127777777765
DenseNet121,w194_F_1_form27.tif,14.0,13.000190333333332,-0.9998096666666676,0.9998096666666676
DenseNet121,w196_M_1_form29.tif,15.0,12.139633833333336,-2.8603661666666635,2.8603661666666635
DenseNet121,w19_M_2_form25.tif,20.0,21.79451525,1.79451525,1.79451525
DenseNet121,w277_M_2_form32.tif,16.0,12.936108444444445,-3.0638915555555553,3.0638915555555553
DenseNet121,w279_M_2_form25.tif,16.0,12.864452777777778,-3.135547222222222,3.135547222222222
DenseNet121,w286_F_2_form38.tif,16.0,13.191584555555556,-2.808415444444444,2.808415444444444
DenseNet121,w297_M_2_form13.tif,16.0,12.667923833333331,-3.3320761666666687,3.3320761666666687
DenseNet121,w299_M_2_form18.tif,17.0,13.64315588888889,-3.3568441111111103,3.3568441111111103
DenseNet121,w327_NA_2_form36.tif,17.0,12.839221666666669,-4.160778333333331,4.160778333333331
DenseNet121,w329_F_2_form32.tif,16.0,12.86191088888889,-3.1380891111111104,3.1380891111111104
DenseNet121,w331_M_2_form8.tif,17.0,13.794856333333334,-3.2051436666666664,3.2051436666666664
DenseNet121,w333_M_2_form38.tif,17.0,13.119400111111112,-3.880599888888888,3.880599888888888
DenseNet121,w335_M_2_form12.tif,17.0,13.03893688888889,-3.9610631111111108,3.9610631111111108
DenseNet121,w337_F_2_form15.tif,16.0,13.601528333333333,-2.3984716666666674,2.3984716666666674
DenseNet121,w339_F_2_form6.tif,17.0,12.627513444444444,-4.372486555555556,4.372486555555556
DenseNet121,w341_F_2_form19.tif,17.0,12.527984611111112,-4.472015388888888,4.472015388888888
DenseNet121,w343_F_2_form11.tif,16.0,12.33169088888889,-3.6683091111111104,3.6683091111111104
DenseNet121,w346_M_2_form1.tif,16.0,13.962613722222224,-2.0373862777777756,2.0373862777777756
DenseNet121,w348_M_2_form18.tif,16.0,13.16743788888889,-2.832562111111111,2.832562111111111
DenseNet121,w352_M_2_form31.tif,16.0,15.589597214285716,-0.41040278571428424,0.41040278571428424
DenseNet121,w354_M_2_form26.tif,16.0,13.466794833333331,-2.5332051666666686,2.5332051666666686
DenseNet121,w358_M_2_form16.tif,16.0,12.975316222222222,-3.0246837777777777,3.0246837777777777
DenseNet121,w362_F_2_form29.tif,16.0,12.739855555555556,-3.2601444444444443,3.2601444444444443
DenseNet121,w367_M_2_form40.tif,16.0,12.79854511111111,-3.2014548888888896,3.2014548888888896
DenseNet121,w409_M_2_form37.tif,16.0,12.489521944444444,-3.5104780555555557,3.5104780555555557
DenseNet121,w411_M_2_form35.tif,17.0,12.903913777777776,-4.096086222222224,4.096086222222224
DenseNet121,w413_M_2_form33.tif,16.0,12.726901444444444,-3.2730985555555563,3.2730985555555563
DenseNet121,w415_M_2_form3.tif,16.0,12.132813777777775,-3.867186222222225,3.867186222222225
DenseNet121,w417_F_2_form25.tif,16.0,12.684763666666669,-3.3152363333333312,3.3152363333333312
DenseNet121,w419_F_2_form5.tif,16.0,12.125684222222224,-3.8743157777777757,3.8743157777777757
DenseNet121,w421_F_2_form39.tif,16.0,12.090479444444446,-3.909520555555554,3.909520555555554
DenseNet121,w423_F_2_form26.tif,16.0,12.934224444444444,-3.0657755555555557,3.0657755555555557
DenseNet121,w425_M_2_form25.tif,16.0,12.601252166666669,-3.3987478333333314,3.3987478333333314
DenseNet121,w427_F_2_form32.tif,16.0,12.507522777777778,-3.492477222222222,3.492477222222222
DenseNet121,w429_M_2_form41.tif,17.0,12.695200055555556,-4.304799944444444,4.304799944444444
DenseNet121,w431_M_2_form29.tif,17.0,12.299389722222225,-4.700610277777775,4.700610277777775
DenseNet121,w433_M_2_form48.tif,16.0,12.786500777777778,-3.2134992222222216,3.2134992222222216
DenseNet121,w435_F_2_form44.tif,17.0,13.348602,-3.6513980000000004,3.6513980000000004
DenseNet121,w437_M_2_form28.tif,16.0,13.080389166666668,-2.9196108333333317,2.9196108333333317
DenseNet121,w439_F_2_form47.tif,17.0,12.2706225,-4.7293775,4.7293775
DenseNet121,w43_F_1_form4.tif,14.0,20.147571944444444,6.147571944444444,6.147571944444444
DenseNet121,w441_F_2_form45.tif,17.0,13.014079222222222,-3.9859207777777783,3.9859207777777783
DenseNet121,w443_M_2_form2.tif,16.0,13.688321722222222,-2.3116782777777782,2.3116782777777782
DenseNet121,w446_M_2_form38.tif,16.0,13.3576865,-2.6423135,2.6423135
DenseNet121,w448_M_2_form25.tif,16.0,12.48241088888889,-3.5175891111111106,3.5175891111111106
DenseNet121,w45_F_1_form44.tif,13.0,20.058199111111108,7.058199111111108,7.058199111111108
DenseNet121,w48_F_2_form46.tif,18.0,14.568168333333334,-3.4318316666666657,3.4318316666666657
DenseNet121,w51_F_2_form2.tif,18.0,21.175945111111112,3.175945111111112,3.175945111111112
DenseNet121,w543_F_3_form1.tif,46.0,16.731686866666667,-29.268313133333333,29.268313133333333
DenseNet121,w54_F_2_form6.tif,18.0,21.668924527777776,3.668924527777776,3.668924527777776
DenseNet121,w556_F_4_form7.tif,51.0,21.38827343333333,-29.61172656666667,29.61172656666667
DenseNet121,w566_F_3_form31.tif,46.0,16.67516853333333,-29.32483146666667,29.32483146666667
DenseNet121,w56_F_2_form8.tif,18.0,17.787428541666667,-0.21257145833333269,0.21257145833333269
DenseNet121,w69_F_3_form23.tif,26.0,17.024246541666667,-8.975753458333333,8.975753458333333
DenseNet121,w71_F_1_form20.tif,15.0,14.82500173809524,-0.17499826190475964,0.17499826190475964
DenseNet121,w73_F_3_form19.tif,47.0,20.304217458333333,-26.695782541666667,26.695782541666667
DenseNet121,w75_F_1_form12.tif,12.0,12.51260088888889,0.5126008888888904,0.5126008888888904
DenseNet121,w77_F_1_form14.tif,13.0,12.661856416666666,-0.33814358333333416,0.33814358333333416
DenseNet121,w79_M_1_form16.tif,12.0,23.999033805555555,11.999033805555555,11.999033805555555
DenseNet121,w81_M_1_form18.tif,13.0,16.244358066666667,3.244358066666667,3.244358066666667
DenseNet121,w83_M_1_form20.tif,13.0,15.348363083333334,2.348363083333334,2.348363083333334
DenseNet121,w85_M_1_form22.tif,13.0,12.891379166666669,-0.10862083333333139,0.10862083333333139
DenseNet121,w87_M_1_form24.tif,12.0,15.173025666666666,3.173025666666666,3.173025666666666
DenseNet121,w89_M_1_form26.tif,12.0,20.071841,8.071841,8.071841
DenseNet121,w91_M_1_form28.tif,13.0,22.540281606060606,9.540281606060606,9.540281606060606
DenseNet121,w93_M_1_form30.tif,13.0,22.5435483,9.543548300000001,9.543548300000001
DenseNet121,w95_M_1_form32.tif,13.0,19.20620857142857,6.206208571428569,6.206208571428569
DenseNet121,w97_M_1_form34.tif,14.0,12.954827583333334,-1.0451724166666665,1.0451724166666665
DenseNet121,w99_M_1_form36.tif,13.0,21.083520333333333,8.083520333333333,8.083520333333333
InceptionV3,w101_M_1_form39.tif,13.0,16.620169444444443,3.6201694444444428,3.6201694444444428
InceptionV3,w103_M_1_form41.tif,13.0,17.80459761111111,4.8045976111111095,4.8045976111111095
InceptionV3,w105_M_1_form43.tif,13.0,17.406247,4.4062470000000005,4.4062470000000005
InceptionV3,w107_M_1_form45.tif,15.0,17.60542088888889,2.60542088888889,2.60542088888889
InceptionV3,w110_F_1_form2.tif,12.0,17.458564537037038,5.458564537037038,5.458564537037038
InceptionV3,w112_F_1_form4.tif,13.0,16.80595177777778,3.8059517777777785,3.8059517777777785
InceptionV3,w114_M_1_form6.tif,13.0,18.78850375,5.78850375,5.78850375
InceptionV3,w116_M_1_form8.tif,13.0,17.494527944444442,4.494527944444442,4.494527944444442
InceptionV3,w118_M_1_form10.tif,13.0,19.36475644444444,6.364756444444438,6.364756444444438
InceptionV3,w120_F_1_form48.tif,13.0,16.686731666666667,3.6867316666666667,3.6867316666666667
InceptionV3,w122_M_1_form1.tif,15.0,14.94094838888889,-0.05905161111111035,0.05905161111111035
InceptionV3,w124_F_1_form30.tif,14.0,17.144948555555555,3.1449485555555547,3.1449485555555547
InceptionV3,w126_M_1_form22.tif,15.0,16.79395266666667,1.7939526666666694,1.7939526666666694
InceptionV3,w128_M_1_form1.tif,15.0,14.49447572222222,-0.5055242777777806,0.5055242777777806
InceptionV3,w130_M_1_form3.tif,15.0,16.009386555555555,1.0093865555555546,1.0093865555555546
InceptionV3,w132_M_1_form9.tif,15.0,16.20603688888889,1.2060368888888888,1.2060368888888888
InceptionV3,w134_M_1_form50.tif,14.0,16.043815555555554,2.043815555555554,2.043815555555554
InceptionV3,w136_M_1_form37.tif,14.0,17.514956666666663,3.514956666666663,3.514956666666663
InceptionV3,w138_F_1_form26.tif,15.0,16.757610444444442,1.7576104444444418,1.7576104444444418
InceptionV3,w140_F_1_form43.tif,14.0,17.058986666666666,3.058986666666666,3.058986666666666
InceptionV3,w142_M_1_form47.tif,14.0,17.330134142857144,3.330134142857144,3.330134142857144
InceptionV3,w144_F_1_form29.tif,14.0,16.51914011111111,2.51914011111111,2.51914011111111
InceptionV3,w146_F_1_form46.tif,14.0,16.982507777777776,2.9825077777777764,2.9825077777777764
InceptionV3,w148_F_1_form35.tif,14.0,16.99844388888889,2.9984438888888896,2.9984438888888896
InceptionV3,w14_F_2_form19.tif,20.0,17.985427416666667,-2.014572583333333,2.014572583333333
InceptionV3,w150_F_1_form33.tif,14.0,16.89432688888889,2.894326888888891,2.894326888888891
InceptionV3,w153_M_1_form39.tif,14.0,17.00521677777778,3.005216777777779,3.005216777777779
InceptionV3,w156_M_1_form3.tif,14.0,16.38995577777778,2.3899557777777787,2.3899557777777787
InceptionV3,w158_M_1_form15.tif,15.0,15.38216627777778,0.38216627777777923,0.38216627777777923
InceptionV3,w160_NA_1_form25.tif,14.0,17.424470333333332,3.424470333333332,3.424470333333332
InceptionV3,w162_F_1_form19.tif,14.0,17.48985422222222,3.4898542222222204,3.4898542222222204
InceptionV3,w164_M_1_form42.tif,15.0,17.522309777777778,2.522309777777778,2.522309777777778
InceptionV3,w166_F_1_form47.tif,14.0,17.148045555555555,3.148045555555555,3.148045555555555
InceptionV3,w169_M_1_form2.tif,15.0,15.913639444444446,0.9136394444444456,0.9136394444444456
InceptionV3,w16_M_3_form21.tif,27.0,16.990582449999998,-10.009417550000002,10.009417550000002
InceptionV3,w172_M_1_form5.tif,15.0,15.95424622222222,0.9542462222222206,0.9542462222222206
InceptionV3,w174_M_1_form7.tif,15.0,17.02641911111111,2.0264191111111103,2.0264191111111103
InceptionV3,w176_M_1_form9.tif,15.0,16.788766111111112,1.7887661111111122,1.7887661111111122
InceptionV3,w178_M_1_form11.tif,15.0,17.12868511111111,2.1286851111111105,2.1286851111111105
InceptionV3,w17_F_2_form22.tif,24.0,19.49351181818182,-4.506488181818181,4.506488181818181
InceptionV3,w180_M_1_form13.tif,15.0,19.934073277777777,4.934073277777777,4.934073277777777
InceptionV3,w182_M_1_form15.tif,15.0,16.611217222222223,1.6112172222222227,1.6112172222222227
InceptionV3,w184_M_1_form17.tif,15.0,16.875751444444447,1.8757514444444467,1.8757514444444467
InceptionV3,w186_F_1_form19.tif,15.0,17.449165555555552,2.4491655555555525,2.4491655555555525
InceptionV3,w188_F_1_form21.tif,14.0,16.329501,2.3295010000000005,2.3295010000000005
InceptionV3,w190_F_1_form23.tif,14.0,16.898272111111112,2.898272111111112,2.898272111111112
InceptionV3,w192_M_1_form25.tif,14.0,17.241126055555554,3.2411260555555543,3.2411260555555543
InceptionV3,w194_F_1_form27.tif,14.0,17.34412211111111,3.3441221111111084,3.3441221111111084
InceptionV3,w196_M_1_form29.tif,15.0,17.23186288888889,2.231862888888891,2.231862888888891
InceptionV3,w19_M_2_form25.tif,20.0,17.326355666666664,-2.6736443333333355,2.6736443333333355
InceptionV3,w277_M_2_form32.tif,16.0,17.31954688888889,1.3195468888888904,1.3195468888888904
InceptionV3,w279_M_2_form25.tif,16.0,16.15835611111111,0.15835611111111092,0.15835611111111092
InceptionV3,w286_F_2_form38.tif,16.0,17.240060333333332,1.2400603333333322,1.2400603333333322
InceptionV3,w297_M_2_form13.tif,16.0,17.362296666666666,1.3622966666666656,1.3622966666666656
InceptionV3,w299_M_2_form18.tif,17.0,18.066959,1.0669590000000007,1.0669590000000007
InceptionV3,w327_NA_2_form36.tif,17.0,17.446199111111113,0.4461991111111132,0.4461991111111132
InceptionV3,w329_F_2_form32.tif,16.0,17.58241455555556,1.5824145555555589,1.5824145555555589
InceptionV3,w331_M_2_form8.tif,17.0,16.71653511111111,-0.28346488888889,0.28346488888889
InceptionV3,w333_M_2_form38.tif,17.0,16.926816444444444,-0.07318355555555556,0.07318355555555556
InceptionV3,w335_M_2_form12.tif,17.0,16.838769055555556,-0.1612309444444442,0.1612309444444442
InceptionV3,w337_F_2_form15.tif,16.0,16.18114016666667,0.181140166666669,0.181140166666669
InceptionV3,w339_F_2_form6.tif,17.0,17.371350444444445,0.3713504444444453,0.3713504444444453
InceptionV3,w341_F_2_form19.tif,17.0,17.170985666666667,0.1709856666666667,0.1709856666666667
InceptionV3,w343_F_2_form11.tif,16.0,17.145463444444445,1.1454634444444451,1.1454634444444451
InceptionV3,w346_M_2_form1.tif,16.0,16.693937,0.6939369999999982,0.6939369999999982
InceptionV3,w348_M_2_form18.tif,16.0,17.235237444444444,1.2352374444444436,1.2352374444444436
InceptionV3,w352_M_2_form31.tif,16.0,16.756103333333336,0.7561033333333356,0.7561033333333356
InceptionV3,w354_M_2_form26.tif,16.0,16.258850666666667,0.25885066666666745,0.25885066666666745
InceptionV3,w358_M_2_form16.tif,16.0,16.654241,0.654240999999999,0.654240999999999
InceptionV3,w362_F_2_form29.tif,16.0,17.43071422222222,1.430714222222221,1.430714222222221
InceptionV3,w367_M_2_form40.tif,16.0,16.53241088888889,0.5324108888888901,0.5324108888888901
InceptionV3,w409_M_2_form37.tif,16.0,17.674081444444443,1.6740814444444432,1.6740814444444432
InceptionV3,w411_M_2_form35.tif,17.0,17.54088088888889,0.5408808888888892,0.5408808888888892
InceptionV3,w413_M_2_form33.tif,16.0,17.441703333333333,1.441703333333333,1.441703333333333
InceptionV3,w415_M_2_form3.tif,16.0,17.156940555555554,1.156940555555554,1.156940555555554
InceptionV3,w417_F_2_form25.tif,16.0,16.86117488888889,0.8611748888888897,0.8611748888888897
InceptionV3,w419_F_2_form5.tif,16.0,17.273441000000002,1.2734410000000018,1.2734410000000018
InceptionV3,w421_F_2_form39.tif,16.0,17.09400822222222,1.0940082222222216,1.0940082222222216
InceptionV3,w423_F_2_form26.tif,16.0,16.991986055555557,0.9919860555555573,0.9919860555555573
InceptionV3,w425_M_2_form25.tif,16.0,16.59011411111111,0.5901141111111095,0.5901141111111095
InceptionV3,w427_F_2_form32.tif,16.0,16.914465333333332,0.9144653333333324,0.9144653333333324
InceptionV3,w429_M_2_form41.tif,17.0,17.390667999999998,0.390667999999998,0.390667999999998
InceptionV3,w431_M_2_form29.tif,17.0,16.86334477777778,-0.13665522222222037,0.13665522222222037
InceptionV3,w433_M_2_form48.tif,16.0,17.32947133333333,1.3294713333333306,1.3294713333333306
InceptionV3,w435_F_2_form44.tif,17.0,17.463688555555557,0.46368855555555655,0.46368855555555655
InceptionV3,w437_M_2_form28.tif,16.0,17.719047444444445,1.7190474444444455,1.7190474444444455
InceptionV3,w439_F_2_form47.tif,17.0,17.117938,0.11793799999999877,0.11793799999999877
InceptionV3,w43_F_1_form4.tif,14.0,17.370220805555554,3.3702208055555545,3.3702208055555545
InceptionV3,w441_F_2_form45.tif,17.0,16.640708333333336,-0.3592916666666639,0.3592916666666639
InceptionV3,w443_M_2_form2.tif,16.0,16.71656077777778,0.7165607777777794,0.7165607777777794
InceptionV3,w446_M_2_form38.tif,16.0,17.15707,1.157070000000001,1.157070000000001
InceptionV3,w448_M_2_form25.tif,16.0,17.120281777777777,1.1202817777777767,1.1202817777777767
InceptionV3,w45_F_1_form44.tif,13.0,17.122914791666666,4.122914791666666,4.122914791666666
InceptionV3,w48_F_2_form46.tif,18.0,20.83957333333333,2.8395733333333304,2.8395733333333304
InceptionV3,w51_F_2_form2.tif,18.0,17.440049652777777,-0.5599503472222231,0.5599503472222231
InceptionV3,w543_F_3_form1.tif,46.0,19.002909,-26.997091,26.997091
InceptionV3,w54_F_2_form6.tif,18.0,17.875740583333332,-0.12425941666666773,0.12425941666666773
InceptionV3,w556_F_4_form7.tif,51.0,17.018868033333334,-33.981131966666666,33.981131966666666
InceptionV3,w566_F_3_form31.tif,46.0,19.4972308,-26.5027692,26.5027692
InceptionV3,w56_F_2_form8.tif,18.0,18.342888791666667,0.34288879166666675,0.34288879166666675
InceptionV3,w69_F_3_form23.tif,26.0,18.223781916666667,-7.776218083333333,7.776218083333333
InceptionV3,w71_F_1_form20.tif,15.0,17.99094176190476,2.990941761904761,2.990941761904761
InceptionV3,w73_F_3_form19.tif,47.0,18.22702045833333,-28.77297954166667,28.77297954166667
InceptionV3,w75_F_1_form12.tif,12.0,16.470958055555556,4.470958055555556,4.470958055555556
InceptionV3,w77_F_1_form14.tif,13.0,17.97877725,4.97877725,4.97877725
InceptionV3,w79_M_1_form16.tif,12.0,17.132279222222223,5.132279222222223,5.132279222222223
InceptionV3,w81_M_1_form18.tif,13.0,18.934241266666668,5.9342412666666675,5.9342412666666675
InceptionV3,w83_M_1_form20.tif,13.0,17.855594333333332,4.8555943333333325,4.8555943333333325
InceptionV3,w85_M_1_form22.tif,13.0,16.637301555555556,3.637301555555556,3.637301555555556
InceptionV3,w87_M_1_form24.tif,12.0,18.3175165,6.3175165,6.3175165
InceptionV3,w89_M_1_form26.tif,12.0,18.380355259259257,6.380355259259257,6.380355259259257
InceptionV3,w91_M_1_form28.tif,13.0,16.47885103030303,3.47885103030303,3.47885103030303
InceptionV3,w93_M_1_form30.tif,13.0,17.31046183333333,4.310461833333331,4.310461833333331
InceptionV3,w95_M_1_form32.tif,13.0,18.901049333333333,5.901049333333333,5.901049333333333
InceptionV3,w97_M_1_form34.tif,14.0,17.4935855,3.4935854999999982,3.4935854999999982
InceptionV3,w99_M_1_form36.tif,13.0,18.14588609090909,5.145886090909091,5.145886090909091
InceptionResNetV2,w101_M_1_form39.tif,13.0,18.275921333333333,5.275921333333333,5.275921333333333
InceptionResNetV2,w103_M_1_form41.tif,13.0,17.058686333333334,4.058686333333334,4.058686333333334
InceptionResNetV2,w105_M_1_form43.tif,13.0,18.38916675,5.389166750000001,5.389166750000001
InceptionResNetV2,w107_M_1_form45.tif,15.0,17.66149088888889,2.6614908888888884,2.6614908888888884
InceptionResNetV2,w110_F_1_form2.tif,12.0,18.09731892592593,6.097318925925929,6.097318925925929
InceptionResNetV2,w112_F_1_form4.tif,13.0,18.30456333333333,5.304563333333331,5.304563333333331
InceptionResNetV2,w114_M_1_form6.tif,13.0,16.4324210625,3.4324210625000013,3.4324210625000013
InceptionResNetV2,w116_M_1_form8.tif,13.0,18.182342666666667,5.182342666666667,5.182342666666667
InceptionResNetV2,w118_M_1_form10.tif,13.0,17.416571166666667,4.416571166666667,4.416571166666667
InceptionResNetV2,w120_F_1_form48.tif,13.0,18.21674133333333,5.2167413333333315,5.2167413333333315
InceptionResNetV2,w122_M_1_form1.tif,15.0,16.062192444444445,1.0621924444444453,1.0621924444444453
InceptionResNetV2,w124_F_1_form30.tif,14.0,18.688040444444443,4.688040444444443,4.688040444444443
InceptionResNetV2,w126_M_1_form22.tif,15.0,17.533563666666666,2.533563666666666,2.533563666666666
InceptionResNetV2,w128_M_1_form1.tif,15.0,16.525152777777777,1.5251527777777767,1.5251527777777767
InceptionResNetV2,w130_M_1_form3.tif,15.0,17.347721,2.347721,2.347721
InceptionResNetV2,w132_M_1_form9.tif,15.0,17.208773333333333,2.2087733333333333,2.2087733333333333
InceptionResNetV2,w134_M_1_form50.tif,14.0,17.518437111111112,3.518437111111112,3.518437111111112
InceptionResNetV2,w136_M_1_form37.tif,14.0,18.021471,4.021470999999998,4.021470999999998
InceptionResNetV2,w138_F_1_form26.tif,15.0,18.649381666666667,3.6493816666666667,3.6493816666666667
InceptionResNetV2,w140_F_1_form43.tif,14.0,18.424904222222224,4.424904222222224,4.424904222222224
InceptionResNetV2,w142_M_1_form47.tif,14.0,17.43738257142857,3.4373825714285715,3.4373825714285715
InceptionResNetV2,w144_F_1_form29.tif,14.0,18.009072777777778,4.009072777777778,4.009072777777778
InceptionResNetV2,w146_F_1_form46.tif,14.0,17.87778877777778,3.8777887777777806,3.8777887777777806
InceptionResNetV2,w148_F_1_form35.tif,14.0,18.105026444444444,4.105026444444444,4.105026444444444
InceptionResNetV2,w14_F_2_form19.tif,20.0,19.15251169444444,-0.8474883055555615,0.8474883055555615
InceptionResNetV2,w150_F_1_form33.tif,14.0,17.60723022222222,3.6072302222222206,3.6072302222222206
InceptionResNetV2,w153_M_1_form39.tif,14.0,17.857656111111112,3.857656111111112,3.857656111111112
InceptionResNetV2,w156_M_1_form3.tif,14.0,17.445950166666666,3.445950166666666,3.445950166666666
InceptionResNetV2,w158_M_1_form15.tif,15.0,16.474812555555555,1.4748125555555553,1.4748125555555553
InceptionResNetV2,w160_NA_1_form25.tif,14.0,17.613501333333332,3.613501333333332,3.613501333333332
InceptionResNetV2,w162_F_1_form19.tif,14.0,17.819256777777778,3.8192567777777775,3.8192567777777775
InceptionResNetV2,w164_M_1_form42.tif,15.0,16.972749888888888,1.9727498888888881,1.9727498888888881
InceptionResNetV2,w166_F_1_form47.tif,14.0,17.966831999999997,3.9668319999999966,3.9668319999999966
InceptionResNetV2,w169_M_1_form2.tif,15.0,17.022494888888886,2.022494888888886,2.022494888888886
InceptionResNetV2,w16_M_3_form21.tif,27.0,19.018767633333333,-7.981232366666667,7.981232366666667
InceptionResNetV2,w172_M_1_form5.tif,15.0,17.921444555555556,2.9214445555555564,2.9214445555555564
InceptionResNetV2,w174_M_1_form7.tif,15.0,16.862344,1.8623440000000002,1.8623440000000002
InceptionResNetV2,w176_M_1_form9.tif,15.0,16.631758444444444,1.6317584444444435,1.6317584444444435
InceptionResNetV2,w178_M_1_form11.tif,15.0,18.06722111111111,3.0672211111111096,3.0672211111111096
InceptionResNetV2,w17_F_2_form22.tif,24.0,19.039932545454544,-4.960067454545456,4.960067454545456
InceptionResNetV2,w180_M_1_form13.tif,15.0,17.065777444444443,2.065777444444443,2.065777444444443
InceptionResNetV2,w182_M_1_form15.tif,15.0,17.59767422222222,2.5976742222222207,2.5976742222222207
InceptionResNetV2,w184_M_1_form17.tif,15.0,17.091943555555556,2.091943555555556,2.091943555555556
InceptionResNetV2,w186_F_1_form19.tif,15.0,18.504950666666662,3.5049506666666623,3.5049506666666623
InceptionResNetV2,w188_F_1_form21.tif,14.0,17.822645444444444,3.8226454444444435,3.8226454444444435
InceptionResNetV2,w190_F_1_form23.tif,14.0,18.17601977777778,4.176019777777778,4.176019777777778
InceptionResNetV2,w192_M_1_form25.tif,14.0,18.228717888888887,4.228717888888887,4.228717888888887
InceptionResNetV2,w194_F_1_form27.tif,14.0,18.509509444444447,4.509509444444447,4.509509444444447
InceptionResNetV2,w196_M_1_form29.tif,15.0,18.18734977777778,3.1873497777777793,3.1873497777777793
InceptionResNetV2,w19_M_2_form25.tif,20.0,19.17172147222222,-0.8282785277777798,0.8282785277777798
InceptionResNetV2,w277_M_2_form32.tif,16.0,18.29220288888889,2.292202888888891,2.292202888888891
InceptionResNetV2,w279_M_2_form25.tif,16.0,17.73063388888889,1.7306338888888888,1.7306338888888888
InceptionResNetV2,w286_F_2_form38.tif,16.0,18.709651666666662,2.7096516666666624,2.7096516666666624
InceptionResNetV2,w297_M_2_form13.tif,16.0,18.274882444444444,2.2748824444444438,2.2748824444444438
InceptionResNetV2,w299_M_2_form18.tif,17.0,17.705574111111112,0.7055741111111118,0.7055741111111118
InceptionResNetV2,w327_NA_2_form36.tif,17.0,18.35878166666667,1.358781666666669,1.358781666666669
InceptionResNetV2,w329_F_2_form32.tif,16.0,18.47688011111111,2.476880111111111,2.476880111111111
InceptionResNetV2,w331_M_2_form8.tif,17.0,18.364482111111112,1.364482111111112,1.364482111111112
InceptionResNetV2,w333_M_2_form38.tif,17.0,18.12682133333333,1.1268213333333286,1.1268213333333286
InceptionResNetV2,w335_M_2_form12.tif,17.0,18.30339255555556,1.3033925555555612,1.3033925555555612
InceptionResNetV2,w337_F_2_form15.tif,16.0,18.103346666666667,2.103346666666667,2.103346666666667
InceptionResNetV2,w339_F_2_form6.tif,17.0,18.63534855555556,1.6353485555555594,1.6353485555555594
InceptionResNetV2,w341_F_2_form19.tif,17.0,18.49163822222222,1.491638222222221,1.491638222222221
InceptionResNetV2,w343_F_2_form11.tif,16.0,18.72187266666667,2.7218726666666697,2.7218726666666697
InceptionResNetV2,w346_M_2_form1.tif,16.0,18.00098011111111,2.0009801111111116,2.0009801111111116
InceptionResNetV2,w348_M_2_form18.tif,16.0,18.277435666666666,2.2774356666666655,2.2774356666666655
InceptionResNetV2,w352_M_2_form31.tif,16.0,17.68218842857143,1.682188428571429,1.682188428571429
InceptionResNetV2,w354_M_2_form26.tif,16.0,18.214776,2.2147760000000005,2.2147760000000005
InceptionResNetV2,w358_M_2_form16.tif,16.0,18.07057933333333,2.070579333333331,2.070579333333331
InceptionResNetV2,w362_F_2_form29.tif,16.0,18.44778655555556,2.4477865555555596,2.4477865555555596
InceptionResNetV2,w367_M_2_form40.tif,16.0,18.11623577777777,2.1162357777777707,2.1162357777777707
InceptionResNetV2,w409_M_2_form37.tif,16.0,18.32694155555556,2.3269415555555604,2.3269415555555604
InceptionResNetV2,w411_M_2_form35.tif,17.0,18.180360666666665,1.1803606666666653,1.1803606666666653
InceptionResNetV2,w413_M_2_form33.tif,16.0,17.872775,1.8727750000000007,1.8727750000000007
InceptionResNetV2,w415_M_2_form3.tif,16.0,18.38959366666667,2.38959366666667,2.38959366666667
InceptionResNetV2,w417_F_2_form25.tif,16.0,18.49797988888889,2.4979798888888887,2.4979798888888887
InceptionResNetV2,w419_F_2_form5.tif,16.0,18.36903077777778,2.3690307777777804,2.3690307777777804
InceptionResNetV2,w421_F_2_form39.tif,16.0,18.840445000000003,2.8404450000000026,2.8404450000000026
InceptionResNetV2,w423_F_2_form26.tif,16.0,17.967671333333335,1.9676713333333353,1.9676713333333353
InceptionResNetV2,w425_M_2_form25.tif,16.0,18.40578955555556,2.405789555555561,2.405789555555561
InceptionResNetV2,w427_F_2_form32.tif,16.0,18.451555555555554,2.4515555555555544,2.4515555555555544
InceptionResNetV2,w429_M_2_form41.tif,17.0,18.379865444444444,1.3798654444444445,1.3798654444444445
InceptionResNetV2,w431_M_2_form29.tif,17.0,18.609665,1.6096649999999997,1.6096649999999997
InceptionResNetV2,w433_M_2_form48.tif,16.0,18.562466333333333,2.562466333333333,2.562466333333333
InceptionResNetV2,w435_F_2_form44.tif,17.0,18.07958933333333,1.079589333333331,1.079589333333331
InceptionResNetV2,w437_M_2_form28.tif,16.0,17.160449444444442,1.160449444444442,1.160449444444442
InceptionResNetV2,w439_F_2_form47.tif,17.0,17.992868,0.9928680000000014,0.9928680000000014
InceptionResNetV2,w43_F_1_form4.tif,14.0,19.01322644444444,5.013226444444442,5.013226444444442
InceptionResNetV2,w441_F_2_form45.tif,17.0,18.314256222222223,1.3142562222222232,1.3142562222222232
InceptionResNetV2,w443_M_2_form2.tif,16.0,17.866010666666668,1.8660106666666678,1.8660106666666678
InceptionResNetV2,w446_M_2_form38.tif,16.0,18.256503,2.2565029999999986,2.2565029999999986
InceptionResNetV2,w448_M_2_form25.tif,16.0,18.51764744444445,2.5176474444444494,2.5176474444444494
InceptionResNetV2,w45_F_1_form44.tif,13.0,18.742833444444443,5.742833444444443,5.742833444444443
InceptionResNetV2,w48_F_2_form46.tif,18.0,17.794176,-0.20582399999999978,0.20582399999999978
InceptionResNetV2,w51_F_2_form2.tif,18.0,19.215038611111112,1.2150386111111118,1.2150386111111118
InceptionResNetV2,w543_F_3_form1.tif,46.0,16.9850842,-29.0149158,29.0149158
InceptionResNetV2,w54_F_2_form6.tif,18.0,18.93429313888889,0.93429313888889,0.93429313888889
InceptionResNetV2,w556_F_4_form7.tif,51.0,18.2855557,-32.7144443,32.7144443
InceptionResNetV2,w566_F_3_form31.tif,46.0,18.005613733333334,-27.994386266666666,27.994386266666666
InceptionResNetV2,w56_F_2_form8.tif,18.0,19.111400916666668,1.1114009166666676,1.1114009166666676
InceptionResNetV2,w69_F_3_form23.tif,26.0,18.92488116666667,-7.075118833333331,7.075118833333331
InceptionResNetV2,w71_F_1_form20.tif,15.0,18.745916904761906,3.7459169047619056,3.7459169047619056
InceptionResNetV2,w73_F_3_form19.tif,47.0,17.769151458333333,-29.230848541666667,29.230848541666667
InceptionResNetV2,w75_F_1_form12.tif,12.0,17.97051433333333,5.97051433333333,5.97051433333333
InceptionResNetV2,w77_F_1_form14.tif,13.0,18.53675158333333,5.536751583333331,5.536751583333331
InceptionResNetV2,w79_M_1_form16.tif,12.0,18.13099405555556,6.130994055555561,6.130994055555561
InceptionResNetV2,w81_M_1_form18.tif,13.0,17.3705864,4.3705864000000005,4.3705864000000005
InceptionResNetV2,w83_M_1_form20.tif,13.0,17.6932115,4.6932115,4.6932115
InceptionResNetV2,w85_M_1_form22.tif,13.0,17.86012022222222,4.860120222222221,4.860120222222221
InceptionResNetV2,w87_M_1_form24.tif,12.0,17.859641874999998,5.859641874999998,5.859641874999998
InceptionResNetV2,w89_M_1_form26.tif,12.0,18.118962962962964,6.118962962962964,6.118962962962964
InceptionResNetV2,w91_M_1_form28.tif,13.0,16.733797606060605,3.7337976060606053,3.7337976060606053
InceptionResNetV2,w93_M_1_form30.tif,13.0,18.329292866666663,5.329292866666663,5.329292866666663
InceptionResNetV2,w95_M_1_form32.tif,13.0,16.210961428571427,3.2109614285714265,3.2109614285714265
InceptionResNetV2,w97_M_1_form34.tif,14.0,18.96779925,4.967799249999999,4.967799249999999
InceptionResNetV2,w99_M_1_form36.tif,13.0,18.41091609090909,5.41091609090909,5.41091609090909
EfficientNetV2M,w101_M_1_form39.tif,13.0,15.66970911111111,2.6697091111111106,2.6697091111111106
EfficientNetV2M,w103_M_1_form41.tif,13.0,15.682367361111112,2.682367361111112,2.682367361111112
EfficientNetV2M,w105_M_1_form43.tif,13.0,16.120026166666666,3.1200261666666655,3.1200261666666655
EfficientNetV2M,w107_M_1_form45.tif,15.0,15.290893333333337,0.29089333333333656,0.29089333333333656
EfficientNetV2M,w110_F_1_form2.tif,12.0,16.758162518518517,4.7581625185185175,4.7581625185185175
EfficientNetV2M,w112_F_1_form4.tif,13.0,14.389333555555554,1.3893335555555542,1.3893335555555542
EfficientNetV2M,w114_M_1_form6.tif,13.0,16.856209333333332,3.8562093333333323,3.8562093333333323
EfficientNetV2M,w116_M_1_form8.tif,13.0,15.112553888888888,2.112553888888888,2.112553888888888
EfficientNetV2M,w118_M_1_form10.tif,13.0,15.64569122222222,2.6456912222222204,2.6456912222222204
EfficientNetV2M,w120_F_1_form48.tif,13.0,15.524726,2.5247259999999994,2.5247259999999994
EfficientNetV2M,w122_M_1_form1.tif,15.0,16.162420333333333,1.1624203333333334,1.1624203333333334
EfficientNetV2M,w124_F_1_form30.tif,14.0,15.887553,1.8875530000000005,1.8875530000000005
EfficientNetV2M,w126_M_1_form22.tif,15.0,15.928545666666666,0.9285456666666665,0.9285456666666665
EfficientNetV2M,w128_M_1_form1.tif,15.0,16.232701388888888,1.2327013888888878,1.2327013888888878
EfficientNetV2M,w130_M_1_form3.tif,15.0,15.758234166666666,0.7582341666666661,0.7582341666666661
EfficientNetV2M,w132_M_1_form9.tif,15.0,15.960767222222223,0.9607672222222234,0.9607672222222234
EfficientNetV2M,w134_M_1_form50.tif,14.0,15.812706222222223,1.8127062222222232,1.8127062222222232
EfficientNetV2M,w136_M_1_form37.tif,14.0,14.836404833333336,0.8364048333333365,0.8364048333333365
EfficientNetV2M,w138_F_1_form26.tif,15.0,15.842894222222222,0.8428942222222222,0.8428942222222222
EfficientNetV2M,w140_F_1_form43.tif,14.0,15.50578211111111,1.5057821111111096,1.5057821111111096
EfficientNetV2M,w142_M_1_form47.tif,14.0,16.077556761904763,2.077556761904763,2.077556761904763
EfficientNetV2M,w144_F_1_form29.tif,14.0,16.234862555555555,2.234862555555555,2.234862555555555
EfficientNetV2M,w146_F_1_form46.tif,14.0,15.928073444444443,1.9280734444444434,1.9280734444444434
EfficientNetV2M,w148_F_1_form35.tif,14.0,15.59941672222222,1.5994167222222195,1.5994167222222195
EfficientNetV2M,w14_F_2_form19.tif,20.0,17.664832472222223,-2.3351675277777773,2.3351675277777773
EfficientNetV2M,w150_F_1_form33.tif,14.0,15.219610111111113,1.2196101111111126,1.2196101111111126
EfficientNetV2M,w153_M_1_form39.tif,14.0,16.34824927777778,2.3482492777777786,2.3482492777777786
EfficientNetV2M,w156_M_1_form3.tif,14.0,15.15106638888889,1.1510663888888892,1.1510663888888892
EfficientNetV2M,w158_M_1_form15.tif,15.0,17.500733333333333,2.500733333333333,2.500733333333333
EfficientNetV2M,w160_NA_1_form25.tif,14.0,15.148898666666668,1.1488986666666676,1.1488986666666676
EfficientNetV2M,w162_F_1_form19.tif,14.0,14.975306888888888,0.9753068888888876,0.9753068888888876
EfficientNetV2M,w164_M_1_form42.tif,15.0,15.694430055555555,0.6944300555555554,0.6944300555555554
EfficientNetV2M,w166_F_1_form47.tif,14.0,15.03573888888889,1.0357388888888899,1.0357388888888899
EfficientNetV2M,w169_M_1_form2.tif,15.0,15.346515277777778,0.3465152777777778,0.3465152777777778
EfficientNetV2M,w16_M_3_form21.tif,27.0,17.075426916666668,-9.924573083333332,9.924573083333332
EfficientNetV2M,w172_M_1_form5.tif,15.0,15.29822766666667,0.2982276666666692,0.2982276666666692
EfficientNetV2M,w174_M_1_form7.tif,15.0,15.261403555555557,0.2614035555555567,0.2614035555555567
EfficientNetV2M,w176_M_1_form9.tif,15.0,16.00101088888889,1.0010108888888887,1.0010108888888887
EfficientNetV2M,w178_M_1_form11.tif,15.0,15.82395177777778,0.8239517777777792,0.8239517777777792
EfficientNetV2M,w17_F_2_form22.tif,24.0,17.00623324242424,-6.993766757575759,6.993766757575759
EfficientNetV2M,w180_M_1_form13.tif,15.0,15.187743472222223,0.18774347222222332,0.18774347222222332
EfficientNetV2M,w182_M_1_form15.tif,15.0,14.921843333333335,-0.07815666666666488,0.07815666666666488
EfficientNetV2M,w184_M_1_form17.tif,15.0,15.466332,0.4663319999999995,0.4663319999999995
EfficientNetV2M,w186_F_1_form19.tif,15.0,16.048992333333334,1.0489923333333344,1.0489923333333344
EfficientNetV2M,w188_F_1_form21.tif,14.0,15.594945888888889,1.5949458888888888,1.5949458888888888
EfficientNetV2M,w190_F_1_form23.tif,14.0,15.258417,1.2584169999999997,1.2584169999999997
EfficientNetV2M,w192_M_1_form25.tif,14.0,15.095574722222224,1.0955747222222243,1.0955747222222243
EfficientNetV2M,w194_F_1_form27.tif,14.0,15.532258666666666,1.5322586666666655,1.5322586666666655
EfficientNetV2M,w196_M_1_form29.tif,15.0,15.832742666666668,0.8327426666666682,0.8327426666666682
EfficientNetV2M,w19_M_2_form25.tif,20.0,16.566488,-3.4335120000000003,3.4335120000000003
EfficientNetV2M,w277_M_2_form32.tif,16.0,15.394048333333334,-0.605951666666666,0.605951666666666
EfficientNetV2M,w279_M_2_form25.tif,16.0,15.243204,-0.7567959999999996,0.7567959999999996
EfficientNetV2M,w286_F_2_form38.tif,16.0,15.433843944444444,-0.566156055555556,0.566156055555556
EfficientNetV2M,w297_M_2_form13.tif,16.0,14.395276777777775,-1.6047232222222245,1.6047232222222245
EfficientNetV2M,w299_M_2_form18.tif,17.0,15.336690444444445,-1.6633095555555553,1.6633095555555553
EfficientNetV2M,w327_NA_2_form36.tif,17.0,15.300693555555556,-1.699306444444444,1.699306444444444
EfficientNetV2M,w329_F_2_form32.tif,16.0,15.533860555555556,-0.466139444444444,0.466139444444444
EfficientNetV2M,w331_M_2_form8.tif,17.0,15.439289666666667,-1.5607103333333328,1.5607103333333328
EfficientNetV2M,w333_M_2_form38.tif,17.0,14.944176777777775,-2.055823222222225,2.055823222222225
EfficientNetV2M,w335_M_2_form12.tif,17.0,14.987776722222224,-2.0122232777777764,2.0122232777777764
EfficientNetV2M,w337_F_2_form15.tif,16.0,15.909024333333331,-0.09097566666666879,0.09097566666666879
EfficientNetV2M,w339_F_2_form6.tif,17.0,15.108829222222225,-1.8911707777777753,1.8911707777777753
EfficientNetV2M,w341_F_2_form19.tif,17.0,15.264238555555558,-1.7357614444444422,1.7357614444444422
EfficientNetV2M,w343_F_2_form11.tif,16.0,15.116847055555557,-0.8831529444444435,0.8831529444444435
EfficientNetV2M,w346_M_2_form1.tif,16.0,15.888467999999998,-0.11153200000000218,0.11153200000000218
EfficientNetV2M,w348_M_2_form18.tif,16.0,15.480304333333336,-0.5196956666666637,0.5196956666666637
EfficientNetV2M,w352_M_2_form31.tif,16.0,16.21485564285714,0.21485564285714176,0.21485564285714176
EfficientNetV2M,w354_M_2_form26.tif,16.0,15.107583722222223,-0.8924162777777767,0.8924162777777767
EfficientNetV2M,w358_M_2_form16.tif,16.0,14.985855611111113,-1.0141443888888872,1.0141443888888872
EfficientNetV2M,w362_F_2_form29.tif,16.0,16.604686444444443,0.6046864444444431,0.6046864444444431
EfficientNetV2M,w367_M_2_form40.tif,16.0,15.117633,-0.8823670000000003,0.8823670000000003
EfficientNetV2M,w409_M_2_form37.tif,16.0,15.794579555555556,-0.20542044444444407,0.20542044444444407
EfficientNetV2M,w411_M_2_form35.tif,17.0,16.212958333333333,-0.7870416666666671,0.7870416666666671
EfficientNetV2M,w413_M_2_form33.tif,16.0,15.180180666666663,-0.8198193333333368,0.8198193333333368
EfficientNetV2M,w415_M_2_form3.tif,16.0,15.430058055555556,-0.5699419444444445,0.5699419444444445
EfficientNetV2M,w417_F_2_form25.tif,16.0,15.93171588888889,-0.06828411111110988,0.06828411111110988
EfficientNetV2M,w419_F_2_form5.tif,16.0,15.711626222222224,-0.2883737777777764,0.2883737777777764
EfficientNetV2M,w421_F_2_form39.tif,16.0,15.206278444444443,-0.7937215555555568,0.7937215555555568
EfficientNetV2M,w423_F_2_form26.tif,16.0,15.645808777777775,-0.35419122222222477,0.35419122222222477
EfficientNetV2M,w425_M_2_form25.tif,16.0,15.354054111111113,-0.6459458888888872,0.6459458888888872
EfficientNetV2M,w427_F_2_form32.tif,16.0,14.994490666666666,-1.0055093333333343,1.0055093333333343
EfficientNetV2M,w429_M_2_form41.tif,17.0,15.570387555555556,-1.4296124444444445,1.4296124444444445
EfficientNetV2M,w431_M_2_form29.tif,17.0,15.517202555555556,-1.4827974444444436,1.4827974444444436
EfficientNetV2M,w433_M_2_form48.tif,16.0,14.76693122222222,-1.2330687777777793,1.2330687777777793
EfficientNetV2M,w435_F_2_form44.tif,17.0,14.98635827777778,-2.0136417222222196,2.0136417222222196
EfficientNetV2M,w437_M_2_form28.tif,16.0,15.250993666666666,-0.7490063333333339,0.7490063333333339
EfficientNetV2M,w439_F_2_form47.tif,17.0,15.256129333333332,-1.743870666666668,1.743870666666668
EfficientNetV2M,w43_F_1_form4.tif,14.0,17.161035277777778,3.1610352777777777,3.1610352777777777
EfficientNetV2M,w441_F_2_form45.tif,17.0,16.60654811111111,-0.39345188888889027,0.39345188888889027
EfficientNetV2M,w443_M_2_form2.tif,16.0,15.596059666666664,-0.40394033333333645,0.40394033333333645
EfficientNetV2M,w446_M_2_form38.tif,16.0,14.937829555555558,-1.0621704444444422,1.0621704444444422
EfficientNetV2M,w448_M_2_form25.tif,16.0,15.21255177777778,-0.7874482222222206,0.7874482222222206
EfficientNetV2M,w45_F_1_form44.tif,13.0,16.687500541666665,3.6875005416666653,3.6875005416666653
EfficientNetV2M,w48_F_2_form46.tif,18.0,15.660996399999998,-2.3390036000000016,2.3390036000000016
EfficientNetV2M,w51_F_2_form2.tif,18.0,17.148134555555558,-0.8518654444444422,0.8518654444444422
EfficientNetV2M,w543_F_3_form1.tif,46.0,15.817017666666665,-30.182982333333335,30.182982333333335
EfficientNetV2M,w54_F_2_form6.tif,18.0,17.263262166666667,-0.7367378333333328,0.7367378333333328
EfficientNetV2M,w556_F_4_form7.tif,51.0,16.644719966666667,-34.35528003333333,34.35528003333333
EfficientNetV2M,w566_F_3_form31.tif,46.0,15.6212258,-30.378774200000002,30.378774200000002
EfficientNetV2M,w56_F_2_form8.tif,18.0,16.741663562499998,-1.2583364375000023,1.2583364375000023
EfficientNetV2M,w69_F_3_form23.tif,26.0,16.489280083333334,-9.510719916666666,9.510719916666666
EfficientNetV2M,w71_F_1_form20.tif,15.0,16.238100785714284,1.238100785714284,1.238100785714284
EfficientNetV2M,w73_F_3_form19.tif,47.0,16.662757541666668,-30.337242458333332,30.337242458333332
EfficientNetV2M,w75_F_1_form12.tif,12.0,15.958441611111107,3.958441611111107,3.958441611111107
EfficientNetV2M,w77_F_1_form14.tif,13.0,15.63159575,2.6315957500000007,2.6315957500000007
EfficientNetV2M,w79_M_1_form16.tif,12.0,16.909255722222223,4.909255722222223,4.909255722222223
EfficientNetV2M,w81_M_1_form18.tif,13.0,15.654724533333331,2.654724533333331,2.654724533333331
EfficientNetV2M,w83_M_1_form20.tif,13.0,15.349461,2.349461,2.349461
EfficientNetV2M,w85_M_1_form22.tif,13.0,15.9891545,2.9891544999999997,2.9891544999999997
EfficientNetV2M,w87_M_1_form24.tif,12.0,15.851793666666666,3.8517936666666657,3.8517936666666657
EfficientNetV2M,w89_M_1_form26.tif,12.0,16.721735111111112,4.721735111111112,4.721735111111112
EfficientNetV2M,w91_M_1_form28.tif,13.0,16.596344636363636,3.5963446363636358,3.5963446363636358
EfficientNetV2M,w93_M_1_form30.tif,13.0,16.711598066666667,3.7115980666666673,3.7115980666666673
EfficientNetV2M,w95_M_1_form32.tif,13.0,16.401348095238095,3.4013480952380952,3.4013480952380952
EfficientNetV2M,w97_M_1_form34.tif,14.0,14.910704583333333,0.9107045833333327,0.9107045833333327
EfficientNetV2M,w99_M_1_form36.tif,13.0,17.400824363636364,4.400824363636364,4.400824363636364
CNN_Best3Grid,w101_M_1_form39.tif,13.0,15.409059738888889,2.409059738888889,2.409059738888889
CNN_Best3Grid,w103_M_1_form41.tif,13.0,15.857640630555556,2.857640630555556,2.857640630555556
CNN_Best3Grid,w105_M_1_form43.tif,13.0,15.31035845,2.3103584500000007,2.3103584500000007
CNN_Best3Grid,w107_M_1_form45.tif,15.0,15.290314872222222,0.29031487222222196,0.29031487222222196
CNN_Best3Grid,w110_F_1_form2.tif,12.0,18.859725714814815,6.8597257148148145,6.8597257148148145
CNN_Best3Grid,w112_F_1_form4.tif,13.0,15.398223599999998,2.398223599999998,2.398223599999998
CNN_Best3Grid,w114_M_1_form6.tif,13.0,18.434729275000002,5.434729275000002,5.434729275000002
CNN_Best3Grid,w116_M_1_form8.tif,13.0,15.04617187777778,2.0461718777777804,2.0461718777777804
CNN_Best3Grid,w118_M_1_form10.tif,13.0,17.42571943888889,4.4257194388888905,4.4257194388888905
CNN_Best3Grid,w120_F_1_form48.tif,13.0,15.249360944444444,2.249360944444444,2.249360944444444
CNN_Best3Grid,w122_M_1_form1.tif,15.0,15.261580416666668,0.26158041666666776,0.26158041666666776
CNN_Best3Grid,w124_F_1_form30.tif,14.0,14.971385044444446,0.9713850444444461,0.9713850444444461
CNN_Best3Grid,w126_M_1_form22.tif,15.0,15.432691966666667,0.43269196666666687,0.43269196666666687
CNN_Best3Grid,w128_M_1_form1.tif,15.0,15.390154344444444,0.3901543444444435,0.3901543444444435
CNN_Best3Grid,w130_M_1_form3.tif,15.0,15.168491233333334,0.16849123333333438,0.16849123333333438
CNN_Best3Grid,w132_M_1_form9.tif,15.0,14.819532966666667,-0.1804670333333327,0.1804670333333327
CNN_Best3Grid,w134_M_1_form50.tif,14.0,15.197660022222223,1.1976600222222231,1.1976600222222231
CNN_Best3Grid,w136_M_1_form37.tif,14.0,15.463741344444443,1.4637413444444434,1.4637413444444434
CNN_Best3Grid,w138_F_1_form26.tif,15.0,16.140346294444445,1.140346294444445,1.140346294444445
CNN_Best3Grid,w140_F_1_form43.tif,14.0,15.312413611111111,1.3124136111111113,1.3124136111111113
CNN_Best3Grid,w142_M_1_form47.tif,14.0,17.578164561904764,3.5781645619047637,3.5781645619047637
CNN_Best3Grid,w144_F_1_form29.tif,14.0,15.057792844444444,1.0577928444444442,1.0577928444444442
CNN_Best3Grid,w146_F_1_form46.tif,14.0,15.158355977777779,1.158355977777779,1.158355977777779
CNN_Best3Grid,w148_F_1_form35.tif,14.0,15.145254016666668,1.1452540166666676,1.1452540166666676
CNN_Best3Grid,w14_F_2_form19.tif,20.0,20.369904286111108,0.36990428611110815,0.36990428611110815
CNN_Best3Grid,w150_F_1_form33.tif,14.0,15.193974977777778,1.1939749777777777,1.1939749777777777
CNN_Best3Grid,w153_M_1_form39.tif,14.0,15.403303833333334,1.403303833333334,1.403303833333334
CNN_Best3Grid,w156_M_1_form3.tif,14.0,14.92336146111111,0.9233614611111101,0.9233614611111101
CNN_Best3Grid,w158_M_1_form15.tif,15.0,15.441744933333332,0.4417449333333323,0.4417449333333323
CNN_Best3Grid,w160_NA_1_form25.tif,14.0,14.985108944444445,0.9851089444444447,0.9851089444444447
CNN_Best3Grid,w162_F_1_form19.tif,14.0,14.970989366666668,0.970989366666668,0.970989366666668
CNN_Best3Grid,w164_M_1_form42.tif,15.0,15.126843683333334,0.12684368333333396,0.12684368333333396
CNN_Best3Grid,w166_F_1_form47.tif,14.0,15.6948106,1.6948106000000003,1.6948106000000003
CNN_Best3Grid,w169_M_1_form2.tif,15.0,15.573061194444442,0.5730611944444419,0.5730611944444419
CNN_Best3Grid,w16_M_3_form21.tif,27.0,19.230604006666667,-7.769395993333333,7.769395993333333
CNN_Best3Grid,w172_M_1_form5.tif,15.0,15.201344283333334,0.20134428333333432,0.20134428333333432
CNN_Best3Grid,w174_M_1_form7.tif,15.0,15.814229000000001,0.814229000000001,0.814229000000001
CNN_Best3Grid,w176_M_1_form9.tif,15.0,15.048646544444447,0.048646544444446604,0.048646544444446604
CNN_Best3Grid,w178_M_1_form11.tif,15.0,15.07452596111111,0.0745259611111102,0.0745259611111102
CNN_Best3Grid,w17_F_2_form22.tif,24.0,20.473629042424243,-3.5263709575757574,3.5263709575757574
CNN_Best3Grid,w180_M_1_form13.tif,15.0,16.051441544444444,1.0514415444444438,1.0514415444444438
CNN_Best3Grid,w182_M_1_form15.tif,15.0,15.14698892222222,0.1469889222222207,0.1469889222222207
CNN_Best3Grid,w184_M_1_form17.tif,15.0,15.015689072222223,0.015689072222222933,0.015689072222222933
CNN_Best3Grid,w186_F_1_form19.tif,15.0,15.620571227777777,0.6205712277777771,0.6205712277777771
CNN_Best3Grid,w188_F_1_form21.tif,14.0,15.409852377777778,1.4098523777777778,1.4098523777777778
CNN_Best3Grid,w190_F_1_form23.tif,14.0,15.092258577777777,1.092258577777777,1.092258577777777
CNN_Best3Grid,w192_M_1_form25.tif,14.0,15.282760944444444,1.282760944444444,1.282760944444444
CNN_Best3Grid,w194_F_1_form27.tif,14.0,15.536679733333335,1.5366797333333349,1.5366797333333349
CNN_Best3Grid,w196_M_1_form29.tif,15.0,14.983038161111114,-0.016961838888885694,0.016961838888885694
CNN_Best3Grid,w19_M_2_form25.tif,20.0,20.212586352777777,0.2125863527777767,0.2125863527777767
CNN_Best3Grid,w277_M_2_form32.tif,16.0,15.427034022222223,-0.5729659777777769,0.5729659777777769
CNN_Best3Grid,w279_M_2_form25.tif,16.0,15.200706366666667,-0.7992936333333329,0.7992936333333329
CNN_Best3Grid,w286_F_2_form38.tif,16.0,15.733660766666667,-0.2663392333333334,0.2663392333333334
CNN_Best3Grid,w297_M_2_form13.tif,16.0,15.322240694444446,-0.6777593055555542,0.6777593055555542
CNN_Best3Grid,w299_M_2_form18.tif,17.0,15.634820955555558,-1.3651790444444423,1.3651790444444423
CNN_Best3Grid,w327_NA_2_form36.tif,17.0,15.414088833333334,-1.5859111666666657,1.5859111666666657
CNN_Best3Grid,w329_F_2_form32.tif,16.0,15.470017411111112,-0.5299825888888883,0.5299825888888883
CNN_Best3Grid,w331_M_2_form8.tif,17.0,15.890078411111112,-1.1099215888888878,1.1099215888888878
CNN_Best3Grid,w333_M_2_form38.tif,17.0,15.449241033333333,-1.5507589666666668,1.5507589666666668
CNN_Best3Grid,w335_M_2_form12.tif,17.0,15.49674206666667,-1.5032579333333302,1.5032579333333302
CNN_Best3Grid,w337_F_2_form15.tif,16.0,15.680065688888888,-0.3199343111111119,0.3199343111111119
CNN_Best3Grid,w339_F_2_form6.tif,17.0,15.442086211111114,-1.5579137888888859,1.5579137888888859
CNN_Best3Grid,w341_F_2_form19.tif,17.0,15.31342085,-1.68657915,1.68657915
CNN_Best3Grid,w343_F_2_form11.tif,16.0,15.29975308888889,-0.70024691111111,0.70024691111111
CNN_Best3Grid,w346_M_2_form1.tif,16.0,15.845001972222224,-0.1549980277777756,0.1549980277777756
CNN_Best3Grid,w348_M_2_form18.tif,16.0,15.541646566666667,-0.45835343333333256,0.45835343333333256
CNN_Best3Grid,w352_M_2_form31.tif,16.0,16.60046701666667,0.6004670166666699,0.6004670166666699
CNN_Best3Grid,w354_M_2_form26.tif,16.0,15.669835827777778,-0.33016417222222216,0.33016417222222216
CNN_Best3Grid,w358_M_2_form16.tif,16.0,15.390072566666666,-0.6099274333333344,0.6099274333333344
CNN_Best3Grid,w362_F_2_form29.tif,16.0,15.375716311111113,-0.6242836888888874,0.6242836888888874
CNN_Best3Grid,w367_M_2_form40.tif,16.0,15.308899088888886,-0.6911009111111142,0.6911009111111142
CNN_Best3Grid,w409_M_2_form37.tif,16.0,15.239247038888891,-0.760752961111109,0.760752961111109
CNN_Best3Grid,w411_M_2_form35.tif,17.0,15.423593355555553,-1.5764066444444467,1.5764066444444467
CNN_Best3Grid,w413_M_2_form33.tif,16.0,15.169935555555556,-0.830064444444444,0.830064444444444
CNN_Best3Grid,w415_M_2_form3.tif,16.0,15.07451618888889,-0.9254838111111106,0.9254838111111106
CNN_Best3Grid,w417_F_2_form25.tif,16.0,15.382532577777779,-0.6174674222222212,0.6174674222222212
CNN_Best3Grid,w419_F_2_form5.tif,16.0,15.067106622222227,-0.9328933777777735,0.9328933777777735
CNN_Best3Grid,w421_F_2_form39.tif,16.0,15.204938411111115,-0.7950615888888848,0.7950615888888848
CNN_Best3Grid,w423_F_2_form26.tif,16.0,15.313285122222222,-0.6867148777777778,0.6867148777777778
CNN_Best3Grid,w425_M_2_form25.tif,16.0,15.304341061111115,-0.6956589388888847,0.6956589388888847
CNN_Best3Grid,w427_F_2_form32.tif,16.0,15.273764422222222,-0.7262355777777785,0.7262355777777785
CNN_Best3Grid,w429_M_2_form41.tif,17.0,15.358499994444445,-1.6415000055555549,1.6415000055555549
CNN_Best3Grid,w431_M_2_form29.tif,17.0,15.26549552777778,-1.7345044722222198,1.7345044722222198
CNN_Best3Grid,w433_M_2_form48.tif,16.0,15.480746600000002,-0.5192533999999984,0.5192533999999984
CNN_Best3Grid,w435_F_2_form44.tif,17.0,15.580902866666666,-1.4190971333333344,1.4190971333333344
CNN_Best3Grid,w437_M_2_form28.tif,16.0,15.07331653888889,-0.9266834611111108,0.9266834611111108
CNN_Best3Grid,w439_F_2_form47.tif,17.0,14.959233772222223,-2.0407662277777767,2.0407662277777767
CNN_Best3Grid,w43_F_1_form4.tif,14.0,19.336753797222222,5.336753797222222,5.336753797222222
CNN_Best3Grid,w441_F_2_form45.tif,17.0,15.49958718888889,-1.5004128111111097,1.5004128111111097
CNN_Best3Grid,w443_M_2_form2.tif,16.0,15.62351735,-0.3764826499999998,0.3764826499999998
CNN_Best3Grid,w446_M_2_form38.tif,16.0,15.6276486,-0.37235139999999944,0.37235139999999944
CNN_Best3Grid,w448_M_2_form25.tif,16.0,15.314719488888892,-0.6852805111111078,0.6852805111111078
CNN_Best3Grid,w45_F_1_form44.tif,13.0,19.18101801111111,6.18101801111111,6.18101801111111
CNN_Best3Grid,w48_F_2_form46.tif,18.0,16.119386040000002,-1.880613959999998,1.880613959999998
CNN_Best3Grid,w51_F_2_form2.tif,18.0,19.90358500277778,1.9035850027777812,1.9035850027777812
CNN_Best3Grid,w543_F_3_form1.tif,46.0,16.854428586666668,-29.145571413333332,29.145571413333332
CNN_Best3Grid,w54_F_2_form6.tif,18.0,20.055778233333335,2.055778233333335,2.055778233333335
CNN_Best3Grid,w556_F_4_form7.tif,51.0,19.653727503333332,-31.346272496666668,31.346272496666668
CNN_Best3Grid,w566_F_3_form31.tif,46.0,17.16785630333333,-28.83214369666667,28.83214369666667
CNN_Best3Grid,w56_F_2_form8.tif,18.0,18.20974165,0.20974165000000156,0.20974165000000156
CNN_Best3Grid,w69_F_3_form23.tif,26.0,17.724829720833334,-8.275170279166666,8.275170279166666
CNN_Best3Grid,w71_F_1_form20.tif,15.0,16.622633835714286,1.6226338357142858,1.6226338357142858
CNN_Best3Grid,w73_F_3_form19.tif,47.0,18.895959741666665,-28.104040258333335,28.104040258333335
CNN_Best3Grid,w75_F_1_form12.tif,12.0,15.086208911111111,3.086208911111111,3.086208911111111
CNN_Best3Grid,w77_F_1_form14.tif,13.0,15.414919633333332,2.414919633333332,2.414919633333332
CNN_Best3Grid,w79_M_1_form16.tif,12.0,20.860408626388892,8.860408626388892,8.860408626388892
CNN_Best3Grid,w81_M_1_form18.tif,13.0,16.767066433333333,3.7670664333333335,3.7670664333333335
CNN_Best3Grid,w83_M_1_form20.tif,13.0,16.464219141666668,3.4642191416666677,3.4642191416666677
CNN_Best3Grid,w85_M_1_form22.tif,13.0,15.232685750000002,2.2326857500000017,2.2326857500000017
CNN_Best3Grid,w87_M_1_form24.tif,12.0,16.429540341666666,4.429540341666666,4.429540341666666
CNN_Best3Grid,w89_M_1_form26.tif,12.0,18.946520922222224,6.9465209222222235,6.9465209222222235
CNN_Best3Grid,w91_M_1_form28.tif,13.0,19.632372542424243,6.632372542424243,6.632372542424243
CNN_Best3Grid,w93_M_1_form30.tif,13.0,20.263720513333332,7.2637205133333325,7.2637205133333325
CNN_Best3Grid,w95_M_1_form32.tif,13.0,17.809083638095238,4.809083638095238,4.809083638095238
CNN_Best3Grid,w97_M_1_form34.tif,14.0,15.762737283333333,1.7627372833333332,1.7627372833333332
CNN_Best3Grid,w99_M_1_form36.tif,13.0,19.557198896969695,6.557198896969695,6.557198896969695
